{
  "forecast_year": 2025,
  "total_predicted_hotspots": 34.01136779785156,
  "monthly_average": 2.8342807292938232,
  "peak_month": "2025-08",
  "lowest_month": "2025-01",
  "tiles": {
    "tile_1": {
      "total": 0.027451884001493454,
      "average": 0.0022876570001244545,
      "max_month": "2025-05",
      "max_value": 0.007060108706355095
    },
    "tile_2": {
      "total": 0.02067016251385212,
      "average": 0.0017225135816261172,
      "max_month": "2025-02",
      "max_value": 0.005346968770027161
    },
    "tile_3": {
      "total": 0.01992948353290558,
      "average": 0.0016607902944087982,
      "max_month": "2025-01",
      "max_value": 0.006997954100370407
    },
    "tile_4": {
      "total": 0.03213893994688988,
      "average": 0.002678245073184371,
      "max_month": "2025-12",
      "max_value": 0.006666066125035286
    },
    "tile_5": {
      "total": 0.04193808510899544,
      "average": 0.0034948403481394053,
      "max_month": "2025-05",
      "max_value": 0.008482573553919792
    },
    "tile_6": {
      "total": 3.4085540771484375,
      "average": 0.2840461730957031,
      "max_month": "2025-04",
      "max_value": 0.37375837564468384
    },
    "tile_7": {
      "total": 7.802445411682129,
      "average": 0.6502037644386292,
      "max_month": "2025-08",
      "max_value": 0.9729170799255371
    },
    "tile_8": {
      "total": 0.32998257875442505,
      "average": 0.027498548850417137,
      "max_month": "2025-07",
      "max_value": 0.08660270273685455
    },
    "tile_9": {
      "total": 0.3479253947734833,
      "average": 0.02899378351867199,
      "max_month": "2025-07",
      "max_value": 0.044963255524635315
    },
    "tile_10": {
      "total": 1.179051399230957,
      "average": 0.09825428575277328,
      "max_month": "2025-08",
      "max_value": 0.2551155984401703
    },
    "tile_11": {
      "total": 2.9119980335235596,
      "average": 0.24266649782657623,
      "max_month": "2025-02",
      "max_value": 0.3514799177646637
    },
    "tile_12": {
      "total": 6.906282901763916,
      "average": 0.5755235552787781,
      "max_month": "2025-08",
      "max_value": 0.848825216293335
    },
    "tile_13": {
      "total": 0.7012659907341003,
      "average": 0.05843883380293846,
      "max_month": "2025-09",
      "max_value": 0.1839396208524704
    },
    "tile_14": {
      "total": 0.10501085221767426,
      "average": 0.008750904351472855,
      "max_month": "2025-09",
      "max_value": 0.033561911433935165
    },
    "tile_15": {
      "total": 1.2900468111038208,
      "average": 0.10750389844179153,
      "max_month": "2025-08",
      "max_value": 0.20768381655216217
    },
    "tile_16": {
      "total": 1.0945967435836792,
      "average": 0.09121639281511307,
      "max_month": "2025-08",
      "max_value": 0.15534719824790955
    },
    "tile_17": {
      "total": 4.508942127227783,
      "average": 0.37574517726898193,
      "max_month": "2025-08",
      "max_value": 0.672707736492157
    },
    "tile_18": {
      "total": 0.27532684803009033,
      "average": 0.022943904623389244,
      "max_month": "2025-01",
      "max_value": 0.09884767979383469
    },
    "tile_19": {
      "total": 0.015208674594759941,
      "average": 0.0012673895107582211,
      "max_month": "2025-08",
      "max_value": 0.005604978650808334
    },
    "tile_20": {
      "total": 1.1277024745941162,
      "average": 0.09397520869970322,
      "max_month": "2025-09",
      "max_value": 0.28560084104537964
    },
    "tile_21": {
      "total": 1.7751981019973755,
      "average": 0.14793317019939423,
      "max_month": "2025-06",
      "max_value": 0.24814572930335999
    },
    "tile_22": {
      "total": 0.08154180645942688,
      "average": 0.006795150693506002,
      "max_month": "2025-01",
      "max_value": 0.04330660030245781
    },
    "tile_23": {
      "total": 0.00686095654964447,
      "average": 0.0005717463791370392,
      "max_month": "2025-08",
      "max_value": 0.0029015615582466125
    },
    "tile_24": {
      "total": 0.0008407663553953171,
      "average": 7.006386294960976e-05,
      "max_month": "2025-03",
      "max_value": 0.0008407663553953171
    },
    "tile_25": {
      "total": 0.00045637041330337524,
      "average": 3.803086656262167e-05,
      "max_month": "2025-09",
      "max_value": 0.00045637041330337524
    }
  }
}