{
  "forecast_year": 2025,
  "total_predicted_hotspots": 34.302825927734375,
  "monthly_average": 2.8585689067840576,
  "peak_month": "2025-08",
  "lowest_month": "2025-01",
  "tiles": {
    "tile_1": {
      "total": 1.1514581274241209e-05,
      "average": 9.595484016244882e-07,
      "max_month": "2025-01",
      "max_value": 1.1514581274241209e-05
    },
    "tile_2": {
      "total": 3.4946948289871216e-05,
      "average": 2.9122456908226013e-06,
      "max_month": "2025-02",
      "max_value": 3.420934081077576e-05
    },
    "tile_3": {
      "total": 0.0,
      "average": 0.0,
      "max_month": "2025-01",
      "max_value": 0.0
    },
    "tile_4": {
      "total": 0.0002666246145963669,
      "average": 2.2218717276700772e-05,
      "max_month": "2025-02",
      "max_value": 0.00017460063099861145
    },
    "tile_5": {
      "total": 0.0006502866744995117,
      "average": 5.4190557420952246e-05,
      "max_month": "2025-09",
      "max_value": 0.00012235157191753387
    },
    "tile_6": {
      "total": 1.974893569946289,
      "average": 0.16457445919513702,
      "max_month": "2025-03",
      "max_value": 0.5444847345352173
    },
    "tile_7": {
      "total": 9.616114616394043,
      "average": 0.8013429045677185,
      "max_month": "2025-07",
      "max_value": 0.9015086889266968
    },
    "tile_8": {
      "total": 0.06768132746219635,
      "average": 0.005640110466629267,
      "max_month": "2025-08",
      "max_value": 0.028726335614919662
    },
    "tile_9": {
      "total": 0.26779767870903015,
      "average": 0.022316472604870796,
      "max_month": "2025-08",
      "max_value": 0.03349729999899864
    },
    "tile_10": {
      "total": 1.7321350574493408,
      "average": 0.14434458315372467,
      "max_month": "2025-08",
      "max_value": 0.24812188744544983
    },
    "tile_11": {
      "total": 2.6652276515960693,
      "average": 0.2221022993326187,
      "max_month": "2025-07",
      "max_value": 0.25740283727645874
    },
    "tile_12": {
      "total": 8.776420593261719,
      "average": 0.731368362903595,
      "max_month": "2025-08",
      "max_value": 1.0281867980957031
    },
    "tile_13": {
      "total": 0.8230355978012085,
      "average": 0.06858629733324051,
      "max_month": "2025-09",
      "max_value": 0.21081477403640747
    },
    "tile_14": {
      "total": 0.07145911455154419,
      "average": 0.0059549263678491116,
      "max_month": "2025-09",
      "max_value": 0.02697167918086052
    },
    "tile_15": {
      "total": 1.342894196510315,
      "average": 0.11190784722566605,
      "max_month": "2025-08",
      "max_value": 0.24706530570983887
    },
    "tile_16": {
      "total": 1.090747356414795,
      "average": 0.09089561551809311,
      "max_month": "2025-08",
      "max_value": 0.12621895968914032
    },
    "tile_17": {
      "total": 4.210002422332764,
      "average": 0.350833535194397,
      "max_month": "2025-08",
      "max_value": 0.6529257297515869
    },
    "tile_18": {
      "total": 0.20441870391368866,
      "average": 0.01703489199280739,
      "max_month": "2025-08",
      "max_value": 0.08572319895029068
    },
    "tile_19": {
      "total": 0.00040153972804546356,
      "average": 3.346164521644823e-05,
      "max_month": "2025-08",
      "max_value": 0.00011759810149669647
    },
    "tile_20": {
      "total": 1.147681474685669,
      "average": 0.09564012289047241,
      "max_month": "2025-09",
      "max_value": 0.286569207906723
    },
    "tile_21": {
      "total": 0.21528808772563934,
      "average": 0.017940673977136612,
      "max_month": "2025-07",
      "max_value": 0.08907517790794373
    },
    "tile_22": {
      "total": 0.006180580705404282,
      "average": 0.0005150483921170235,
      "max_month": "2025-08",
      "max_value": 0.003452807664871216
    },
    "tile_23": {
      "total": 0.0012808497995138168,
      "average": 0.00010673748329281807,
      "max_month": "2025-01",
      "max_value": 0.0001954697072505951
    },
    "tile_24": {
      "total": 0.0,
      "average": 0.0,
      "max_month": "2025-01",
      "max_value": 0.0
    },
    "tile_25": {
      "total": 0.08820144832134247,
      "average": 0.007350120693445206,
      "max_month": "2025-09",
      "max_value": 0.03234599903225899
    }
  }
}