{
  "forecast_year": 2026,
  "total_predicted_hotspots": 89.11397552490234,
  "monthly_average": 7.426164627075195,
  "peak_month": "2026-01",
  "lowest_month": "2026-03",
  "tiles": {
    "tile_1": {
      "total": 0.38963788747787476,
      "average": 0.03246982395648956,
      "max_month": "2026-07",
      "max_value": 0.05946893244981766
    },
    "tile_2": {
      "total": 0.1401795893907547,
      "average": 0.0116816321387887,
      "max_month": "2026-07",
      "max_value": 0.04703143984079361
    },
    "tile_3": {
      "total": 0.0,
      "average": 0.0,
      "max_month": "2026-01",
      "max_value": 0.0
    },
    "tile_4": {
      "total": 0.2604217231273651,
      "average": 0.021701810881495476,
      "max_month": "2026-08",
      "max_value": 0.048621173948049545
    },
    "tile_5": {
      "total": 0.27702492475509644,
      "average": 0.02308540977537632,
      "max_month": "2026-07",
      "max_value": 0.07173095643520355
    },
    "tile_6": {
      "total": 3.424534320831299,
      "average": 0.2853778600692749,
      "max_month": "2026-05",
      "max_value": 0.43406134843826294
    },
    "tile_7": {
      "total": 17.57745933532715,
      "average": 1.4647883176803589,
      "max_month": "2026-01",
      "max_value": 1.6976662874221802
    },
    "tile_8": {
      "total": 0.0,
      "average": 0.0,
      "max_month": "2026-01",
      "max_value": 0.0
    },
    "tile_9": {
      "total": 0.24500609934329987,
      "average": 0.020417174324393272,
      "max_month": "2026-11",
      "max_value": 0.07301050424575806
    },
    "tile_10": {
      "total": 3.9317872524261475,
      "average": 0.32764893770217896,
      "max_month": "2026-07",
      "max_value": 0.567795991897583
    },
    "tile_11": {
      "total": 0.027432622388005257,
      "average": 0.0022860518656671047,
      "max_month": "2026-01",
      "max_value": 0.027432622388005257
    },
    "tile_12": {
      "total": 4.7842607498168945,
      "average": 0.398688405752182,
      "max_month": "2026-09",
      "max_value": 0.9278322458267212
    },
    "tile_13": {
      "total": 3.3723325729370117,
      "average": 0.2810277044773102,
      "max_month": "2026-01",
      "max_value": 0.7800256013870239
    },
    "tile_14": {
      "total": 0.39280250668525696,
      "average": 0.03273354098200798,
      "max_month": "2026-08",
      "max_value": 0.08435147255659103
    },
    "tile_15": {
      "total": 6.025668621063232,
      "average": 0.5021390318870544,
      "max_month": "2026-06",
      "max_value": 0.8042111992835999
    },
    "tile_16": {
      "total": 4.158419609069824,
      "average": 0.34653496742248535,
      "max_month": "2026-01",
      "max_value": 0.8712288737297058
    },
    "tile_17": {
      "total": 16.188873291015625,
      "average": 1.349072813987732,
      "max_month": "2026-06",
      "max_value": 2.0307838916778564
    },
    "tile_18": {
      "total": 7.639658451080322,
      "average": 0.6366382241249084,
      "max_month": "2026-01",
      "max_value": 1.6098805665969849
    },
    "tile_19": {
      "total": 0.30691462755203247,
      "average": 0.025576218962669373,
      "max_month": "2026-12",
      "max_value": 0.07236583530902863
    },
    "tile_20": {
      "total": 13.059463500976562,
      "average": 1.08828866481781,
      "max_month": "2026-01",
      "max_value": 1.518280029296875
    },
    "tile_21": {
      "total": 0.15913718938827515,
      "average": 0.013261432759463787,
      "max_month": "2026-09",
      "max_value": 0.053914282470941544
    },
    "tile_22": {
      "total": 1.540506362915039,
      "average": 0.12837553024291992,
      "max_month": "2026-05",
      "max_value": 0.4022366404533386
    },
    "tile_23": {
      "total": 1.7163115739822388,
      "average": 0.1430259644985199,
      "max_month": "2026-07",
      "max_value": 0.15498939156532288
    },
    "tile_24": {
      "total": 0.03287234157323837,
      "average": 0.00273936172015965,
      "max_month": "2026-05",
      "max_value": 0.016362275928258896
    },
    "tile_25": {
      "total": 3.4632761478424072,
      "average": 0.28860634565353394,
      "max_month": "2026-09",
      "max_value": 0.4080904424190521
    }
  }
}