{
  "forecast_year": 2026,
  "total_predicted_hotspots": 34.26890563964844,
  "monthly_average": 2.8557422161102295,
  "peak_month": "2026-08",
  "lowest_month": "2026-01",
  "tiles": {
    "tile_1": {
      "total": 0.05279318988323212,
      "average": 0.004399432335048914,
      "max_month": "2026-05",
      "max_value": 0.009692108258605003
    },
    "tile_2": {
      "total": 0.04844900220632553,
      "average": 0.004037417005747557,
      "max_month": "2026-02",
      "max_value": 0.01015785988420248
    },
    "tile_3": {
      "total": 0.05390959233045578,
      "average": 0.004492465872317553,
      "max_month": "2026-04",
      "max_value": 0.008422572165727615
    },
    "tile_4": {
      "total": 0.0325661227107048,
      "average": 0.0027138434816151857,
      "max_month": "2026-12",
      "max_value": 0.005857067182660103
    },
    "tile_5": {
      "total": 0.05069109797477722,
      "average": 0.004224258009344339,
      "max_month": "2026-05",
      "max_value": 0.009020958095788956
    },
    "tile_6": {
      "total": 3.401219606399536,
      "average": 0.2834349572658539,
      "max_month": "2026-04",
      "max_value": 0.37371301651000977
    },
    "tile_7": {
      "total": 7.597033977508545,
      "average": 0.6330861449241638,
      "max_month": "2026-08",
      "max_value": 0.9551390409469604
    },
    "tile_8": {
      "total": 0.26456987857818604,
      "average": 0.022047489881515503,
      "max_month": "2026-07",
      "max_value": 0.0755077376961708
    },
    "tile_9": {
      "total": 0.35471105575561523,
      "average": 0.02955925464630127,
      "max_month": "2026-07",
      "max_value": 0.044865697622299194
    },
    "tile_10": {
      "total": 1.2829169034957886,
      "average": 0.10690974444150925,
      "max_month": "2026-08",
      "max_value": 0.26708918809890747
    },
    "tile_11": {
      "total": 3.026489734649658,
      "average": 0.252207487821579,
      "max_month": "2026-02",
      "max_value": 0.3750271797180176
    },
    "tile_12": {
      "total": 7.29069709777832,
      "average": 0.6075580716133118,
      "max_month": "2026-08",
      "max_value": 0.869193434715271
    },
    "tile_13": {
      "total": 0.7380346059799194,
      "average": 0.061502885073423386,
      "max_month": "2026-09",
      "max_value": 0.18936575949192047
    },
    "tile_14": {
      "total": 0.0653587356209755,
      "average": 0.005446561146527529,
      "max_month": "2026-09",
      "max_value": 0.025068875402212143
    },
    "tile_15": {
      "total": 1.2731667757034302,
      "average": 0.10609722882509232,
      "max_month": "2026-08",
      "max_value": 0.2005181908607483
    },
    "tile_16": {
      "total": 0.9807881116867065,
      "average": 0.08173234015703201,
      "max_month": "2026-08",
      "max_value": 0.1458704173564911
    },
    "tile_17": {
      "total": 4.59961462020874,
      "average": 0.3833012282848358,
      "max_month": "2026-08",
      "max_value": 0.678943395614624
    },
    "tile_18": {
      "total": 0.3382872939109802,
      "average": 0.028190607205033302,
      "max_month": "2026-01",
      "max_value": 0.09884774684906006
    },
    "tile_19": {
      "total": 0.019570855423808098,
      "average": 0.0016309046186506748,
      "max_month": "2026-08",
      "max_value": 0.0065470412373542786
    },
    "tile_20": {
      "total": 1.009598731994629,
      "average": 0.08413323014974594,
      "max_month": "2026-09",
      "max_value": 0.265691339969635
    },
    "tile_21": {
      "total": 1.6737765073776245,
      "average": 0.13948138058185577,
      "max_month": "2026-06",
      "max_value": 0.23400433361530304
    },
    "tile_22": {
      "total": 0.10370863974094391,
      "average": 0.008642386645078659,
      "max_month": "2026-01",
      "max_value": 0.04330657795071602
    },
    "tile_23": {
      "total": 0.009660834446549416,
      "average": 0.0008050695178098977,
      "max_month": "2026-08",
      "max_value": 0.003602122887969017
    },
    "tile_24": {
      "total": 0.0,
      "average": 0.0,
      "max_month": "2026-01",
      "max_value": 0.0
    },
    "tile_25": {
      "total": 0.0012932121753692627,
      "average": 0.00010776767885545269,
      "max_month": "2026-09",
      "max_value": 0.0012932121753692627
    }
  }
}